id;nombre;apellidos;telefono;direccion;correoelectronico
1;Ana;García Pérez;678123456;Calle del Sol, 5;ana.garcia@email.com
2;José;López Martínez;612987654;Avenida de la Luna, 12;jose.lopez@email.com
3;María;Rodríguez Sánchez;655234567;Calle de la Playa, 8;maria.rodriguez@email.com
4;David;Fernández González;633345678;Avenida del Mar, 20;david.fernandez@email.com
5;Laura;Martín Romero;644456789;Calle de la Montaña, 15;laura.martin@email.com
6;Carlos;Pérez García;600567890;Avenida del Bosque, 30;carlos.perez@email.com
7;Sofía;González López;677678901;Calle del Río, 25;sofia.gonzalez@email.com
8;Pablo;Romero Martínez;688789012;Avenida de la Ciudad, 18;pablo.romero@email.com
9;Isabel;Sánchez Rodríguez;655890123;Calle de la Estrella, 10;isabel.sanchez@email.com
10;Adrián;López Fernández;633901234;Avenida del Parque, 22;adrian.lopez@email.com
11;Andrea;Rodríguez García;644012345;Calle del Paseo, 14;andrea.rodriguez@email.com
12;Javier;Fernández Pérez;600123456;Avenida de la Plaza, 28;javier.fernandez@email.com
13;Paula;Martín Sánchez;677234567;Calle de la Fuente, 7;paula.martin@email.com
14;Alejandro;Pérez Romero;688345678;Avenida del Jardín, 9;alejandro.perez@email.com
15;Elena;González Martínez;655456789;Calle de la Cuesta, 11;elena.gonzalez@email.com
16;Miguel;Romero López;633567890;Avenida de la Colina, 5;miguel.romero@email.com
17;Valeria;Sánchez García;644678901;Calle del Bosque, 12;valeria.sanchez@email.com
18;Daniel;López Sánchez;600789012;Avenida del Mar, 17;daniel.lopez@email.com
19;Alba;Rodríguez Pérez;677890123;Calle de la Luna, 20;alba.rodriguez@email.com
20;Iván;Fernández Martínez;688901234;Avenida de la Playa, 14;ivan.fernandez@email.com
21;Carmen;Martín García;655012345;Calle de la Montaña, 9;carmen.martin@email.com
22;Rubén;Pérez Romero;633123456;Avenida del Río, 22;ruben.perez@email.com
23;Sara;González Sánchez;644234567;Calle de la Ciudad, 16;sara.gonzalez@email.com
24;Aitor;Romero López;600345678;Avenida de la Estrella, 8;aitor.romero@email.com
25;Natalia;López García;677456789;Calle del Parque, 11;natalia.lopez@email.com
26;Hugo;Rodríguez Martínez;688567890;Avenida del Paseo, 19;hugo.rodriguez@email.com
27;Olivia;Fernández Pérez;655678901;Calle de la Plaza, 27;olivia.fernandez@email.com
28;Diego;Martín Sánchez;633789012;Avenida de la Fuente, 6;diego.martin@email.com
29;Valentina;Pérez Romero;644890123;Calle del Jardín, 8;valentina.perez@email.com
30;Álvaro;González Martínez;600901234;Avenida de la Cuesta, 10;alvaro.gonzalez@email.com
